suffix,path
/f402,science/astronomi_och_rymdfart
/f300,science/biologi/ekologi_natur_djur_och_vaxter
/f239,science/biologi/genetik_molekylarbiologi_och_evolutionsbiologi
/f117,science/biologi/rasforskning
/f55,science/filosofi
/f54,science/fysik_matematik_och_teknologi/fysik_matematik_och_teknologi_allmant
/f273,science/fysik_matematik_och_teknologi/matematiska_och_naturvetenskapliga_uppgifter
/f95,science/historia
/f108,science/kemi_och_pyroteknik
/f225,science/klimat_miljo_och_geovetenskap
/f533,science/medicin_och_halsa/coronaviruset_och_covid_19
/f377,science/medicin_och_halsa/alternativ_medicin
/f359,science/medicin_och_halsa/psykiatri_och_psykofarmaka
/f365,science/paranormala_fenomen_ockultism_och_ufologi/ufologi
/f80,science/psykologi/psykologi_allmant
/f196,science/psykologi/psykisk_halsa
/f236,science/psykologi/somn_och_drommar
/f27,science/religion
/f240,science/socialantropologi_etnologi_och_sociologi
/f88,science/sprak
/f299,science/biologi/data
/f503,science/fysik_matematik_och_teknologi/data
/f97,science/medicin_och_halsa/data
/f148,science/paranormala_fenomen_ockultism_och_ufologi/data
/f455,science/psykologi/data
